{
    "key": "group_5b5b8c790937a",
    "title": "Portfolio Fields",
    "fields": [
        {
            "key": "field_5c5e71dcdd46c",
            "label": "Preview Type",
            "name": "portfolio_type",
            "type": "radio",
            "instructions": "",
            "required": 0,
            "conditional_logic": 0,
            "wrapper": {
                "width": "",
                "class": "",
                "id": ""
            },
            "choices": {
                "1": "Content",
                "2": "Image",
                "3": "Video",
                "4": "Music",
                "5": "Gallery",
                "6": "Link"
            },
            "allow_null": 0,
            "other_choice": 0,
            "default_value": 1,
            "layout": "vertical",
            "return_format": "value",
            "save_other_choice": 0
        },
        {
            "key": "field_5c5e73dc7d513",
            "label": "Video URL (vimeo or youtube)",
            "name": "video_url",
            "type": "url",
            "instructions": "Example Link: <strong>https:\/\/youtu.be\/S4L8T2kFFck<\/strong> or <strong>https:\/\/vimeo.com\/97102654<\/strong>",
            "required": 0,
            "conditional_logic": [
                [
                    {
                        "field": "field_5c5e71dcdd46c",
                        "operator": "==",
                        "value": "3"
                    }
                ]
            ],
            "wrapper": {
                "width": "",
                "class": "",
                "id": ""
            },
            "default_value": "",
            "placeholder": ""
        },
        {
            "key": "field_5c5e750e7d515",
            "label": "Music URL (soundcloud)",
            "name": "music_url",
            "type": "url",
            "instructions": "",
            "required": 0,
            "conditional_logic": [
                [
                    {
                        "field": "field_5c5e71dcdd46c",
                        "operator": "==",
                        "value": "4"
                    }
                ]
            ],
            "wrapper": {
                "width": "",
                "class": "",
                "id": ""
            },
            "default_value": "",
            "placeholder": ""
        },
        {
            "key": "field_5c5e757c7d516",
            "label": "Images (gallery)",
            "name": "gallery",
            "type": "gallery",
            "instructions": "",
            "required": 0,
            "conditional_logic": [
                [
                    {
                        "field": "field_5c5e71dcdd46c",
                        "operator": "==",
                        "value": "5"
                    }
                ]
            ],
            "wrapper": {
                "width": "",
                "class": "",
                "id": ""
            },
            "min": "",
            "max": "",
            "insert": "append",
            "library": "all",
            "min_width": "",
            "min_height": "",
            "min_size": "",
            "max_width": "",
            "max_height": "",
            "max_size": "",
            "mime_types": ""
        },
        {
            "key": "field_5c5e73e37d514",
            "label": "Button Text",
            "name": "button_text",
            "type": "text",
            "instructions": "",
            "required": 0,
            "conditional_logic": [
                [
                    {
                        "field": "field_5c5e71dcdd46c",
                        "operator": "==",
                        "value": "1"
                    }
                ]
            ],
            "wrapper": {
                "width": "",
                "class": "",
                "id": ""
            },
            "default_value": "View Project",
            "placeholder": "",
            "prepend": "",
            "append": "",
            "maxlength": ""
        },
        {
            "key": "field_5b5b8dc57fb10",
            "label": "Button Url \/ Link Url",
            "name": "button_url",
            "type": "url",
            "instructions": "",
            "required": 0,
            "conditional_logic": [
                [
                    {
                        "field": "field_5c5e71dcdd46c",
                        "operator": "==",
                        "value": "1"
                    }
                ],
                [
                    {
                        "field": "field_5c5e71dcdd46c",
                        "operator": "==",
                        "value": "6"
                    }
                ]
            ],
            "wrapper": {
                "width": "",
                "class": "",
                "id": ""
            },
            "default_value": "",
            "placeholder": ""
        },
        {
            "key": "field_5d3d60de0427e",
            "label": "Details",
            "name": "info",
            "type": "repeater",
            "instructions": "",
            "required": 0,
            "conditional_logic": 0,
            "wrapper": {
                "width": "",
                "class": "",
                "id": ""
            },
            "collapsed": "",
            "min": 0,
            "max": 0,
            "layout": "row",
            "button_label": "",
            "sub_fields": [
                {
                    "key": "field_5d3d61110427f",
                    "label": "Name",
                    "name": "name",
                    "type": "text",
                    "instructions": "",
                    "required": 0,
                    "conditional_logic": 0,
                    "wrapper": {
                        "width": "",
                        "class": "",
                        "id": ""
                    },
                    "default_value": "",
                    "placeholder": "",
                    "prepend": "",
                    "append": "",
                    "maxlength": ""
                },
                {
                    "key": "field_5d3d612604280",
                    "label": "Type",
                    "name": "type",
                    "type": "select",
                    "instructions": "",
                    "required": 0,
                    "conditional_logic": 0,
                    "wrapper": {
                        "width": "",
                        "class": "",
                        "id": ""
                    },
                    "choices": {
                        "1": "Text",
                        "2": "Link"
                    },
                    "default_value": [
                        1
                    ],
                    "allow_null": 0,
                    "multiple": 0,
                    "ui": 0,
                    "return_format": "value",
                    "ajax": 0,
                    "placeholder": ""
                },
                {
                    "key": "field_5d3d614d04281",
                    "label": "Text",
                    "name": "text",
                    "type": "textarea",
                    "instructions": "",
                    "required": 0,
                    "conditional_logic": [
                        [
                            {
                                "field": "field_5d3d612604280",
                                "operator": "==",
                                "value": "1"
                            }
                        ]
                    ],
                    "wrapper": {
                        "width": "",
                        "class": "",
                        "id": ""
                    },
                    "default_value": "",
                    "placeholder": "",
                    "maxlength": "",
                    "rows": "",
                    "new_lines": "br"
                },
                {
                    "key": "field_5d3d619304282",
                    "label": "Link",
                    "name": "link",
                    "type": "link",
                    "instructions": "",
                    "required": 0,
                    "conditional_logic": [
                        [
                            {
                                "field": "field_5d3d612604280",
                                "operator": "==",
                                "value": "2"
                            }
                        ]
                    ],
                    "wrapper": {
                        "width": "",
                        "class": "",
                        "id": ""
                    },
                    "return_format": "array"
                }
            ]
        }
    ],
    "location": [
        [
            {
                "param": "post_type",
                "operator": "==",
                "value": "portfolio"
            }
        ]
    ],
    "menu_order": 0,
    "position": "normal",
    "style": "default",
    "label_placement": "top",
    "instruction_placement": "label",
    "hide_on_screen": [
        "excerpt",
        "comments",
        "tags"
    ],
    "active": 1,
    "description": "",
    "modified": 1564306358
}