{
    "key": "group_5b68cf73a649e",
    "title": "Cvio Options",
    "fields": [
        {
            "key": "field_5b749fa968288",
            "label": "Styling",
            "name": "",
            "type": "tab",
            "instructions": "",
            "required": 0,
            "conditional_logic": 0,
            "wrapper": {
                "width": "",
                "class": "",
                "id": ""
            },
            "placement": "top",
            "endpoint": 0
        },
        {
            "key": "field_5c5b911f422d5",
            "label": "UI Version",
            "name": "theme_ui",
            "type": "radio",
            "instructions": "",
            "required": 0,
            "conditional_logic": 0,
            "wrapper": {
                "width": "",
                "class": "",
                "id": ""
            },
            "choices": [
                "Dark",
                "Light"
            ],
            "allow_null": 0,
            "other_choice": 0,
            "default_value": "",
            "layout": "horizontal",
            "return_format": "value",
            "save_other_choice": 0
        },
        {
            "key": "field_63f628094fb78",
            "label": "Live UI Switcher Mode Enabled?",
            "name": "switcher_ui",
            "aria-label": "",
            "type": "true_false",
            "instructions": "",
            "required": 0,
            "conditional_logic": 0,
            "wrapper": {
                "width": "",
                "class": "",
                "id": ""
            },
            "message": "",
            "default_value": 0,
            "ui_on_text": "",
            "ui_off_text": "",
            "ui": 1
        },
        {
            "key": "field_5dfcdc2c03cee",
            "label": "Cursor Follower",
            "name": "cursor_follow",
            "type": "true_false",
            "instructions": "Enable circle cursor follower?",
            "required": 0,
            "conditional_logic": 0,
            "wrapper": {
                "width": "",
                "class": "",
                "id": ""
            },
            "message": "",
            "default_value": 1,
            "ui": 1,
            "ui_on_text": "",
            "ui_off_text": ""
        },
        {
            "key": "field_5b86baa686d10",
            "label": "Background Color",
            "name": "theme_bg_color",
            "type": "color_picker",
            "instructions": "Background color.\r\nDefault - #101010",
            "required": 0,
            "conditional_logic": [
                [
                    {
                        "field": "field_5c5b911f422d5",
                        "operator": "==",
                        "value": "0"
                    }
                ]
            ],
            "wrapper": {
                "width": "",
                "class": "",
                "id": ""
            },
            "default_value": "#101010",
            "enable_opacity": false,
            "return_format": "string"
        },
        {
            "key": "field_5c5b9dca42771",
            "label": "Background Color",
            "name": "theme_bg_light_color",
            "type": "color_picker",
            "instructions": "Background color.\r\nDefault - #ffffff",
            "required": 0,
            "conditional_logic": [
                [
                    {
                        "field": "field_5c5b911f422d5",
                        "operator": "==",
                        "value": "1"
                    }
                ]
            ],
            "wrapper": {
                "width": "",
                "class": "",
                "id": ""
            },
            "default_value": "#ffffff",
            "enable_opacity": false,
            "return_format": "string"
        },
        {
            "key": "field_5e27640d06113",
            "label": "Lines Color",
            "name": "lines_color",
            "type": "radio",
            "instructions": "",
            "required": 0,
            "conditional_logic": [
                [
                    {
                        "field": "field_5c5b911f422d5",
                        "operator": "==",
                        "value": "0"
                    }
                ]
            ],
            "wrapper": {
                "width": "",
                "class": "",
                "id": ""
            },
            "choices": [
                "Light",
                "Dark"
            ],
            "allow_null": 0,
            "other_choice": 0,
            "default_value": 0,
            "layout": "horizontal",
            "return_format": "value",
            "save_other_choice": 0
        },
        {
            "key": "field_5e4810f9f9824",
            "label": "Lines Color",
            "name": "lines_light_color",
            "type": "radio",
            "instructions": "",
            "required": 0,
            "conditional_logic": [
                [
                    {
                        "field": "field_5c5b911f422d5",
                        "operator": "==",
                        "value": "1"
                    }
                ]
            ],
            "wrapper": {
                "width": "",
                "class": "",
                "id": ""
            },
            "choices": [
                "Light",
                "Dark"
            ],
            "allow_null": 0,
            "other_choice": 0,
            "default_value": 1,
            "layout": "horizontal",
            "return_format": "value",
            "save_other_choice": 0
        },
        {
            "key": "field_5b68d509665d9",
            "label": "Theme Color",
            "name": "theme_color",
            "type": "color_picker",
            "instructions": "Primary theme color.\r\nDefault - #4bffa5",
            "required": 0,
            "conditional_logic": 0,
            "wrapper": {
                "width": "",
                "class": "",
                "id": ""
            },
            "default_value": "#4bffa5",
            "enable_opacity": false,
            "return_format": "string"
        },
        {
            "key": "field_5b68d5d8665da",
            "label": "Heading Color",
            "name": "heading_color",
            "type": "color_picker",
            "instructions": "Heading title color. Default is #ffffff",
            "required": 0,
            "conditional_logic": [
                [
                    {
                        "field": "field_5c5b911f422d5",
                        "operator": "==",
                        "value": "0"
                    }
                ]
            ],
            "wrapper": {
                "width": "",
                "class": "",
                "id": ""
            },
            "default_value": "#ffffff",
            "enable_opacity": false,
            "return_format": "string"
        },
        {
            "key": "field_5c5b9e6e42773",
            "label": "Heading Color",
            "name": "heading_light_color",
            "type": "color_picker",
            "instructions": "Heading title color. Default is #262728",
            "required": 0,
            "conditional_logic": [
                [
                    {
                        "field": "field_5c5b911f422d5",
                        "operator": "==",
                        "value": "1"
                    }
                ]
            ],
            "wrapper": {
                "width": "",
                "class": "",
                "id": ""
            },
            "default_value": "#262728",
            "enable_opacity": false,
            "return_format": "string"
        },
        {
            "key": "field_5c5b9655742c2",
            "label": "Section Title Color",
            "name": "subtitle_color",
            "type": "color_picker",
            "instructions": "Section heading color. Default is #ffffff",
            "required": 0,
            "conditional_logic": [
                [
                    {
                        "field": "field_5c5b911f422d5",
                        "operator": "==",
                        "value": "0"
                    }
                ]
            ],
            "wrapper": {
                "width": "",
                "class": "",
                "id": ""
            },
            "default_value": "#ffffff",
            "enable_opacity": false,
            "return_format": "string"
        },
        {
            "key": "field_5c5b9eed42774",
            "label": "Section Title Color",
            "name": "subtitle_light_color",
            "type": "color_picker",
            "instructions": "Section heading color. Default is #262728",
            "required": 0,
            "conditional_logic": [
                [
                    {
                        "field": "field_5c5b911f422d5",
                        "operator": "==",
                        "value": "1"
                    }
                ]
            ],
            "wrapper": {
                "width": "",
                "class": "",
                "id": ""
            },
            "default_value": "#262728",
            "enable_opacity": false,
            "return_format": "string"
        },
        {
            "key": "field_5b68d617665db",
            "label": "Text Color",
            "name": "text_color",
            "type": "color_picker",
            "instructions": "Text color. Default is #bbbbbb",
            "required": 0,
            "conditional_logic": [
                [
                    {
                        "field": "field_5c5b911f422d5",
                        "operator": "==",
                        "value": "0"
                    }
                ]
            ],
            "wrapper": {
                "width": "",
                "class": "",
                "id": ""
            },
            "default_value": "#bbbbbb",
            "enable_opacity": false,
            "return_format": "string"
        },
        {
            "key": "field_5c5b9f5242776",
            "label": "Text Color",
            "name": "text_light_color",
            "type": "color_picker",
            "instructions": "Text color. Default is #585858",
            "required": 0,
            "conditional_logic": [
                [
                    {
                        "field": "field_5c5b911f422d5",
                        "operator": "==",
                        "value": "1"
                    }
                ]
            ],
            "wrapper": {
                "width": "",
                "class": "",
                "id": ""
            },
            "default_value": "#585858",
            "enable_opacity": false,
            "return_format": "string"
        },
        {
            "key": "field_5c5b9878742c5",
            "label": "Text Link Color",
            "name": "text_link_color",
            "type": "color_picker",
            "instructions": "Text link color. Default is #eeeeee",
            "required": 0,
            "conditional_logic": [
                [
                    {
                        "field": "field_5c5b911f422d5",
                        "operator": "==",
                        "value": "0"
                    }
                ]
            ],
            "wrapper": {
                "width": "",
                "class": "",
                "id": ""
            },
            "default_value": "#eeeeee",
            "enable_opacity": false,
            "return_format": "string"
        },
        {
            "key": "field_5c5b9f7842777",
            "label": "Text Link Color",
            "name": "text_link_light_color",
            "type": "color_picker",
            "instructions": "Text link color. Default is #262728",
            "required": 0,
            "conditional_logic": [
                [
                    {
                        "field": "field_5c5b911f422d5",
                        "operator": "==",
                        "value": "1"
                    }
                ]
            ],
            "wrapper": {
                "width": "",
                "class": "",
                "id": ""
            },
            "default_value": "#262728",
            "enable_opacity": false,
            "return_format": "string"
        },
        {
            "key": "field_5b68cfc4906fc",
            "label": "Heading Font",
            "name": "heading_font_family",
            "type": "ui_google_font",
            "instructions": "Change Header title font family. Default is 'Roboto'.",
            "required": 0,
            "conditional_logic": 0,
            "wrapper": {
                "width": "",
                "class": "",
                "id": ""
            },
            "font_size": 14
        },
        {
            "key": "field_5b68d188906fd",
            "label": "Paragraphs Font",
            "name": "text_font_family",
            "type": "ui_google_font",
            "instructions": "Change paragraphs font family. Default is 'Roboto'.",
            "required": 0,
            "conditional_logic": 0,
            "wrapper": {
                "width": "",
                "class": "",
                "id": ""
            },
            "font_size": 14
        },
        {
            "key": "field_5b68d2bdef00b",
            "label": "Heading Size",
            "name": "heading_font_size",
            "type": "text",
            "instructions": "Header title text size in px.",
            "required": 0,
            "conditional_logic": 0,
            "wrapper": {
                "width": "",
                "class": "",
                "id": ""
            },
            "default_value": "",
            "placeholder": "",
            "prepend": "",
            "append": "",
            "maxlength": ""
        },
        {
            "key": "field_5b68d31eef00c",
            "label": "Paragraph Size",
            "name": "text_font_size",
            "type": "text",
            "instructions": "Paragraph size in px.",
            "required": 0,
            "conditional_logic": 0,
            "wrapper": {
                "width": "",
                "class": "",
                "id": ""
            },
            "default_value": "",
            "placeholder": "",
            "prepend": "",
            "append": "",
            "maxlength": ""
        },
        {
            "key": "field_5c5e6b8645610",
            "label": "Menu Items Size",
            "name": "menu_font_size",
            "type": "text",
            "instructions": "Menu Items size in px.",
            "required": 0,
            "conditional_logic": 0,
            "wrapper": {
                "width": "",
                "class": "",
                "id": ""
            },
            "default_value": "",
            "placeholder": "",
            "prepend": "",
            "append": "",
            "maxlength": ""
        },
        {
            "key": "field_5e27576eb5dfb",
            "label": "Menu Items Color",
            "name": "menu_font_color",
            "type": "color_picker",
            "instructions": "Menu Items color. Default is #FFF",
            "required": 0,
            "conditional_logic": [
                [
                    {
                        "field": "field_5c5b911f422d5",
                        "operator": "==",
                        "value": "0"
                    }
                ]
            ],
            "wrapper": {
                "width": "",
                "class": "",
                "id": ""
            },
            "default_value": "",
            "enable_opacity": false,
            "return_format": "string"
        },
        {
            "key": "field_5e481054b83ec",
            "label": "Menu Items Color",
            "name": "menu_font_light_color",
            "type": "color_picker",
            "instructions": "Menu Items color. Default is #262728",
            "required": 0,
            "conditional_logic": [
                [
                    {
                        "field": "field_5c5b911f422d5",
                        "operator": "==",
                        "value": "1"
                    }
                ]
            ],
            "wrapper": {
                "width": "",
                "class": "",
                "id": ""
            },
            "default_value": "#262728",
            "enable_opacity": false,
            "return_format": "string"
        },
        {
            "key": "field_5bdf2cde8071e",
            "label": "Header",
            "name": "",
            "type": "tab",
            "instructions": "",
            "required": 0,
            "conditional_logic": 0,
            "wrapper": {
                "width": "",
                "class": "",
                "id": ""
            },
            "placement": "top",
            "endpoint": 0
        },
        {
            "key": "field_5d543aa1c80d0",
            "label": "Logo Type",
            "name": "header_logo_type",
            "type": "radio",
            "instructions": "",
            "required": 0,
            "conditional_logic": 0,
            "wrapper": {
                "width": "",
                "class": "",
                "id": ""
            },
            "choices": [
                "Text",
                "Image"
            ],
            "allow_null": 0,
            "other_choice": 0,
            "default_value": 0,
            "layout": "horizontal",
            "return_format": "value",
            "save_other_choice": 0
        },
        {
            "key": "field_5d543b00c80d1",
            "label": "Logo (Text)",
            "name": "header_logo_text",
            "type": "textarea",
            "instructions": "",
            "required": 0,
            "conditional_logic": [
                [
                    {
                        "field": "field_5d543aa1c80d0",
                        "operator": "==",
                        "value": "0"
                    }
                ]
            ],
            "wrapper": {
                "width": "",
                "class": "",
                "id": ""
            },
            "default_value": "",
            "placeholder": "",
            "maxlength": "",
            "rows": "",
            "new_lines": ""
        },
        {
            "key": "field_5dfcd5757398a",
            "label": "Logo (Text) Button",
            "name": "header_logo_btn",
            "type": "true_false",
            "instructions": "Enable Logo (text) Button on hover?",
            "required": 0,
            "conditional_logic": [
                [
                    {
                        "field": "field_5d543aa1c80d0",
                        "operator": "==",
                        "value": "0"
                    }
                ]
            ],
            "wrapper": {
                "width": "",
                "class": "",
                "id": ""
            },
            "message": "",
            "default_value": 1,
            "ui": 1,
            "ui_on_text": "",
            "ui_off_text": ""
        },
        {
            "key": "field_5dfcd6057398b",
            "label": "Logo (Text) Button Label",
            "name": "header_logo_btn_label",
            "type": "textarea",
            "instructions": "Enable Logo (text) Button on hover?",
            "required": 0,
            "conditional_logic": [
                [
                    {
                        "field": "field_5dfcd5757398a",
                        "operator": "==",
                        "value": "1"
                    }
                ]
            ],
            "wrapper": {
                "width": "",
                "class": "",
                "id": ""
            },
            "default_value": "",
            "placeholder": "",
            "maxlength": "",
            "rows": "",
            "new_lines": ""
        },
        {
            "key": "field_5dfcea64dce33",
            "label": "Logo (Text) Button Link",
            "name": "header_logo_btn_link",
            "type": "link",
            "instructions": "Enter Logo (text) Button link url",
            "required": 0,
            "conditional_logic": [
                [
                    {
                        "field": "field_5dfcd5757398a",
                        "operator": "==",
                        "value": "1"
                    }
                ]
            ],
            "wrapper": {
                "width": "",
                "class": "",
                "id": ""
            },
            "return_format": "array"
        },
        {
            "key": "field_5d543b577867c",
            "label": "Logo (Text) Font Size",
            "name": "header_logo_font_size",
            "type": "text",
            "instructions": "Header Logo (text) font size in px.",
            "required": 0,
            "conditional_logic": [
                [
                    {
                        "field": "field_5d543aa1c80d0",
                        "operator": "==",
                        "value": "0"
                    }
                ]
            ],
            "wrapper": {
                "width": "",
                "class": "",
                "id": ""
            },
            "default_value": "",
            "placeholder": "",
            "prepend": "",
            "append": "",
            "maxlength": ""
        },
        {
            "key": "field_5e275bd30aca4",
            "label": "Logo (Text) Font Color",
            "name": "header_logo_font_color",
            "type": "color_picker",
            "instructions": "Header Logo (text) font color. Default is #FFF",
            "required": 0,
            "conditional_logic": [
                [
                    {
                        "field": "field_5d543aa1c80d0",
                        "operator": "==",
                        "value": "0"
                    },
                    {
                        "field": "field_5c5b911f422d5",
                        "operator": "==",
                        "value": "0"
                    }
                ]
            ],
            "wrapper": {
                "width": "",
                "class": "",
                "id": ""
            },
            "default_value": "",
            "enable_opacity": false,
            "return_format": "string"
        },
        {
            "key": "field_5e481064b83ed",
            "label": "Logo (Text) Font Color",
            "name": "header_logo_font_light_color",
            "type": "color_picker",
            "instructions": "Header Logo (text) font color. Default is #262728",
            "required": 0,
            "conditional_logic": [
                [
                    {
                        "field": "field_5d543aa1c80d0",
                        "operator": "==",
                        "value": "0"
                    },
                    {
                        "field": "field_5c5b911f422d5",
                        "operator": "==",
                        "value": "1"
                    }
                ]
            ],
            "wrapper": {
                "width": "",
                "class": "",
                "id": ""
            },
            "default_value": "#262728",
            "enable_opacity": false,
            "return_format": "string"
        },
        {
            "key": "field_5d543b4b7867b",
            "label": "Logo (Text) Font Family",
            "name": "header_logo_font_family",
            "type": "ui_google_font",
            "instructions": "Change Logo (text) font family. Default is 'Roboto'.",
            "required": 0,
            "conditional_logic": [
                [
                    {
                        "field": "field_5d543aa1c80d0",
                        "operator": "==",
                        "value": "0"
                    }
                ]
            ],
            "wrapper": {
                "width": "",
                "class": "",
                "id": ""
            },
            "font_size": 14
        },
        {
            "key": "field_5bdf2d0242459",
            "label": "Logo (Image)",
            "name": "header_logo",
            "type": "image",
            "instructions": "",
            "required": 0,
            "conditional_logic": [
                [
                    {
                        "field": "field_5d543aa1c80d0",
                        "operator": "==",
                        "value": "1"
                    }
                ]
            ],
            "wrapper": {
                "width": "",
                "class": "",
                "id": ""
            },
            "return_format": "array",
            "preview_size": "thumbnail",
            "library": "all",
            "min_width": "",
            "min_height": "",
            "min_size": "",
            "max_width": "",
            "max_height": "",
            "max_size": "",
            "mime_types": ""
        },
        {
            "key": "field_5b68cc1dc1b62",
            "label": "Footer",
            "name": "",
            "type": "tab",
            "instructions": "",
            "required": 0,
            "conditional_logic": 0,
            "wrapper": {
                "width": "",
                "class": "",
                "id": ""
            },
            "placement": "top",
            "endpoint": 0
        },
        {
            "key": "field_5b68cceac1b66",
            "label": "Copyright",
            "name": "copyright",
            "type": "wysiwyg",
            "instructions": "",
            "required": 0,
            "conditional_logic": 0,
            "wrapper": {
                "width": "",
                "class": "",
                "id": ""
            },
            "default_value": "",
            "tabs": "all",
            "toolbar": "full",
            "media_upload": 1,
            "delay": 0
        },
        {
            "key": "field_5b68ccabc1b63",
            "label": "Social Links",
            "name": "social_links",
            "type": "repeater",
            "instructions": "",
            "required": 0,
            "conditional_logic": 0,
            "wrapper": {
                "width": "",
                "class": "",
                "id": ""
            },
            "collapsed": "",
            "min": 0,
            "max": 0,
            "layout": "table",
            "button_label": "",
            "sub_fields": [
                {
                    "key": "field_5b68cccfc1b64",
                    "label": "Icon",
                    "name": "icon",
                    "type": "font_awesome_font",
                    "instructions": "",
                    "required": 0,
                    "conditional_logic": 0,
                    "wrapper": {
                        "width": "",
                        "class": "",
                        "id": ""
                    },
                    "font_size": 14
                },
                {
                    "key": "field_5b68ccd7c1b65",
                    "label": "URL",
                    "name": "url",
                    "type": "text",
                    "instructions": "",
                    "required": 0,
                    "conditional_logic": 0,
                    "wrapper": {
                        "width": "",
                        "class": "",
                        "id": ""
                    },
                    "default_value": "",
                    "placeholder": "",
                    "prepend": "",
                    "append": "",
                    "maxlength": ""
                }
            ]
        },
        {
            "key": "field_5c610c399cf20",
            "label": "Social Share",
            "name": "social_share",
            "type": "checkbox",
            "instructions": "Share buttons on portfolio and blog single pages",
            "required": 0,
            "conditional_logic": 0,
            "wrapper": {
                "width": "",
                "class": "",
                "id": ""
            },
            "choices": {
                "facebook": "Facebook",
                "twitter": "Twitter",
                "tumblr": "Tumblr",
                "linkedin": "Linkedin",
                "reddit": "Reddit",
                "googleplus": "Google+",
                "pinterest": "Pinterest",
                "whatsapp": "WhatsApp"
            },
            "allow_custom": 0,
            "default_value": [
                "facebook",
                "twitter",
                "linkedin",
                "pinterest",
                "reddit"
            ],
            "layout": "vertical",
            "toggle": 0,
            "return_format": "array",
            "save_custom": 0
        },
        {
            "key": "field_5b81b63130cb7",
            "label": "Blog posts",
            "name": "",
            "type": "tab",
            "instructions": "",
            "required": 0,
            "conditional_logic": 0,
            "wrapper": {
                "width": "",
                "class": "",
                "id": ""
            },
            "placement": "top",
            "endpoint": 0
        },
        {
            "key": "field_5b81b67430cb8",
            "label": "Blog subtitle",
            "name": "blog_subtitle",
            "type": "text",
            "instructions": "Default is 'Latest posts'",
            "required": 0,
            "conditional_logic": 0,
            "wrapper": {
                "width": "",
                "class": "",
                "id": ""
            },
            "default_value": "Latest Posts",
            "placeholder": "",
            "prepend": "",
            "append": "",
            "maxlength": ""
        },
        {
            "key": "field_5b81b6d930cb9",
            "label": "Display categories?",
            "name": "blog_categories",
            "type": "true_false",
            "instructions": "Display categories for blog item.",
            "required": 0,
            "conditional_logic": 0,
            "wrapper": {
                "width": "",
                "class": "",
                "id": ""
            },
            "message": "",
            "default_value": 0,
            "ui": 0,
            "ui_on_text": "",
            "ui_off_text": ""
        },
        {
            "key": "field_5b81b7ca30cba",
            "label": "Disable post excerpt?",
            "name": "blog_excerpt",
            "type": "true_false",
            "instructions": "Disable excerpt of post on blog page",
            "required": 0,
            "conditional_logic": 0,
            "wrapper": {
                "width": "",
                "class": "",
                "id": ""
            },
            "message": "",
            "default_value": 0,
            "ui": 0,
            "ui_on_text": "",
            "ui_off_text": ""
        },
        {
            "key": "field_5b81b84430cbb",
            "label": "Disable featured image?",
            "name": "blog_featured_img",
            "type": "true_false",
            "instructions": "Disable the featured image for a single post at the beginning of the content",
            "required": 0,
            "conditional_logic": 0,
            "wrapper": {
                "width": "",
                "class": "",
                "id": ""
            },
            "message": "",
            "default_value": 0,
            "ui": 0,
            "ui_on_text": "",
            "ui_off_text": ""
        },
        {
            "key": "field_5b81d4e54b429",
            "label": "Portfolio",
            "name": "",
            "type": "tab",
            "instructions": "",
            "required": 0,
            "conditional_logic": 0,
            "wrapper": {
                "width": "",
                "class": "",
                "id": ""
            },
            "placement": "top",
            "endpoint": 0
        },
        {
            "key": "field_5b81d5104b42a",
            "label": "Quick View",
            "name": "portfolio_qv",
            "type": "true_false",
            "instructions": "Display quick view popup for portfolio item",
            "required": 0,
            "conditional_logic": 0,
            "wrapper": {
                "width": "",
                "class": "",
                "id": ""
            },
            "message": "",
            "default_value": 1,
            "ui": 0,
            "ui_on_text": "",
            "ui_off_text": ""
        },
        {
            "key": "field_5c61895c95df6",
            "label": "Disable featured image?",
            "name": "portfolio_featured_img",
            "type": "true_false",
            "instructions": "Disable the featured image for a single portfolio at the beginning of the content",
            "required": 0,
            "conditional_logic": 0,
            "wrapper": {
                "width": "",
                "class": "",
                "id": ""
            },
            "message": "",
            "default_value": 0,
            "ui": 0,
            "ui_on_text": "",
            "ui_off_text": ""
        },
        {
            "key": "field_5c5e7613c4e17",
            "label": "Hide single portfolio link ?",
            "name": "portfolio_hide_single_link",
            "type": "true_false",
            "instructions": "Hide portfolio single page link in portfolio list",
            "required": 0,
            "conditional_logic": 0,
            "wrapper": {
                "width": "",
                "class": "",
                "id": ""
            },
            "message": "",
            "default_value": 0,
            "ui": 0,
            "ui_on_text": "",
            "ui_off_text": ""
        },
        {
            "key": "field_5c5e93ed40863",
            "label": "Hide portfolio description ?",
            "name": "portfolio_hide_desc",
            "type": "true_false",
            "instructions": "Hide portfolio title and categories in portfolio list",
            "required": 0,
            "conditional_logic": 0,
            "wrapper": {
                "width": "",
                "class": "",
                "id": ""
            },
            "message": "",
            "default_value": 0,
            "ui": 0,
            "ui_on_text": "",
            "ui_off_text": ""
        },
        {
            "key": "field_5e2da2a4ca7be",
            "label": "404",
            "name": "",
            "type": "tab",
            "instructions": "",
            "required": 0,
            "conditional_logic": 0,
            "wrapper": {
                "width": "",
                "class": "",
                "id": ""
            },
            "placement": "top",
            "endpoint": 0
        },
        {
            "key": "field_5e2da2acca7bf",
            "label": "Title",
            "name": "p404_title",
            "type": "text",
            "instructions": "",
            "required": 0,
            "conditional_logic": 0,
            "wrapper": {
                "width": "",
                "class": "",
                "id": ""
            },
            "default_value": "",
            "placeholder": 404,
            "prepend": "",
            "append": "",
            "maxlength": ""
        },
        {
            "key": "field_5e2da2b7ca7c0",
            "label": "Text",
            "name": "p404_text",
            "type": "text",
            "instructions": "",
            "required": 0,
            "conditional_logic": 0,
            "wrapper": {
                "width": "",
                "class": "",
                "id": ""
            },
            "default_value": "",
            "placeholder": "Oops! That page can't be found.",
            "prepend": "",
            "append": "",
            "maxlength": ""
        }
    ],
    "location": [
        [
            {
                "param": "options_page",
                "operator": "==",
                "value": "theme-options"
            }
        ]
    ],
    "menu_order": 0,
    "position": "normal",
    "style": "default",
    "label_placement": "top",
    "instruction_placement": "label",
    "hide_on_screen": "",
    "active": true,
    "description": "",
    "show_in_rest": 0,
    "modified": 1657702976
}