{
    "key": "group_5c5fa3e45196e",
    "title": "Post Start Section",
    "fields": [
        {
            "key": "field_5c5fa3e45e454",
            "label": "Background",
            "name": "",
            "type": "tab",
            "instructions": "",
            "required": 0,
            "conditional_logic": 0,
            "wrapper": {
                "width": "",
                "class": "",
                "id": ""
            },
            "placement": "top",
            "endpoint": 0
        },
        {
            "key": "field_5d42e872f35b1",
            "label": "Layout Version",
            "name": "layout_radio",
            "type": "radio",
            "instructions": "",
            "required": 0,
            "conditional_logic": 0,
            "wrapper": {
                "width": "",
                "class": "",
                "id": ""
            },
            "choices": [
                "Default",
                "Classic",
                "Creative",
                "Personal"
            ],
            "allow_null": 0,
            "other_choice": 0,
            "default_value": 0,
            "layout": "horizontal",
            "return_format": "value",
            "save_other_choice": 0
        },
        {
            "key": "field_5e189c747fef7",
            "label": "Personal Image",
            "name": "logo",
            "type": "image",
            "instructions": "",
            "required": 0,
            "conditional_logic": [
                [
                    {
                        "field": "field_5d42e872f35b1",
                        "operator": "==",
                        "value": "3"
                    }
                ]
            ],
            "wrapper": {
                "width": "",
                "class": "",
                "id": ""
            },
            "return_format": "array",
            "preview_size": "thumbnail",
            "library": "all",
            "min_width": "",
            "min_height": "",
            "min_size": "",
            "max_width": "",
            "max_height": "",
            "max_size": "",
            "mime_types": ""
        },
        {
            "key": "field_5c5fa3e45e4c5",
            "label": "Background Type",
            "name": "background_type",
            "type": "radio",
            "instructions": "",
            "required": 0,
            "conditional_logic": 0,
            "wrapper": {
                "width": "",
                "class": "",
                "id": ""
            },
            "choices": [
                "None",
                "Image",
                "Video",
                "Color",
                "Gradient",
                "Slider"
            ],
            "allow_null": 0,
            "other_choice": 0,
            "default_value": 0,
            "layout": "horizontal",
            "return_format": "value",
            "save_other_choice": 0
        },
        {
            "key": "field_5e189d0d7fef8",
            "label": "Select Video",
            "name": "background_video",
            "type": "file",
            "instructions": "Video format: \"mp4\"",
            "required": 0,
            "conditional_logic": [
                [
                    {
                        "field": "field_5c5fa3e45e4c5",
                        "operator": "==",
                        "value": "2"
                    }
                ]
            ],
            "wrapper": {
                "width": "",
                "class": "",
                "id": ""
            },
            "return_format": "url",
            "library": "all",
            "min_size": "",
            "max_size": "",
            "mime_types": ""
        },
        {
            "key": "field_5c5fa3e45e583",
            "label": "Image",
            "name": "background_image",
            "type": "image",
            "instructions": "This image display when selected background image type",
            "required": 0,
            "conditional_logic": [
                [
                    {
                        "field": "field_5c5fa3e45e4c5",
                        "operator": "==",
                        "value": "1"
                    }
                ]
            ],
            "wrapper": {
                "width": "",
                "class": "",
                "id": ""
            },
            "return_format": "url",
            "preview_size": "thumbnail",
            "library": "all",
            "min_width": "",
            "min_height": "",
            "min_size": "",
            "max_width": "",
            "max_height": "",
            "max_size": "",
            "mime_types": ""
        },
        {
            "key": "field_5c5fa3e45e6d7",
            "label": "Background Color",
            "name": "background_color",
            "type": "color_picker",
            "instructions": "",
            "required": 0,
            "conditional_logic": [
                [
                    {
                        "field": "field_5c5fa3e45e4c5",
                        "operator": "==",
                        "value": "3"
                    }
                ]
            ],
            "wrapper": {
                "width": "",
                "class": "",
                "id": ""
            },
            "default_value": ""
        },
        {
            "key": "field_5c5fa3e45e748",
            "label": "Background Gradient Color 1",
            "name": "background_gradient_color1",
            "type": "color_picker",
            "instructions": "",
            "required": 0,
            "conditional_logic": [
                [
                    {
                        "field": "field_5c5fa3e45e4c5",
                        "operator": "==",
                        "value": "4"
                    }
                ]
            ],
            "wrapper": {
                "width": "",
                "class": "",
                "id": ""
            },
            "default_value": ""
        },
        {
            "key": "field_5c5fa3e45e7b9",
            "label": "Background Gradient Color 2",
            "name": "background_gradient_color2",
            "type": "color_picker",
            "instructions": "",
            "required": 0,
            "conditional_logic": [
                [
                    {
                        "field": "field_5c5fa3e45e4c5",
                        "operator": "==",
                        "value": "4"
                    }
                ]
            ],
            "wrapper": {
                "width": "",
                "class": "",
                "id": ""
            },
            "default_value": ""
        },
        {
            "key": "field_5c5fa3e45e82a",
            "label": "Background Slider Images",
            "name": "background_slideshow_images",
            "type": "repeater",
            "instructions": "",
            "required": 0,
            "conditional_logic": [
                [
                    {
                        "field": "field_5c5fa3e45e4c5",
                        "operator": "==",
                        "value": "5"
                    }
                ]
            ],
            "wrapper": {
                "width": "",
                "class": "",
                "id": ""
            },
            "collapsed": "",
            "min": 0,
            "max": 0,
            "layout": "table",
            "button_label": "",
            "sub_fields": [
                {
                    "key": "field_5c5fa3e477328",
                    "label": "Image",
                    "name": "image",
                    "type": "image",
                    "instructions": "",
                    "required": 0,
                    "conditional_logic": 0,
                    "wrapper": {
                        "width": "",
                        "class": "",
                        "id": ""
                    },
                    "return_format": "url",
                    "preview_size": "thumbnail",
                    "library": "all",
                    "min_width": "",
                    "min_height": "",
                    "min_size": "",
                    "max_width": "",
                    "max_height": "",
                    "max_size": "",
                    "mime_types": ""
                }
            ]
        },
        {
            "key": "field_5c5fa3e45e89c",
            "label": "Background Slider Autoplay Speed",
            "name": "background_slideshow_autoplay_speed",
            "type": "number",
            "instructions": "",
            "required": 0,
            "conditional_logic": [
                [
                    {
                        "field": "field_5c5fa3e45e4c5",
                        "operator": "==",
                        "value": "5"
                    }
                ]
            ],
            "wrapper": {
                "width": "",
                "class": "",
                "id": ""
            },
            "default_value": 5000,
            "placeholder": "",
            "prepend": "",
            "append": "",
            "min": "",
            "max": "",
            "step": ""
        },
        {
            "key": "field_5e189dec7fef9",
            "label": "Background Slider Nav",
            "name": "background_slideshow_navs",
            "type": "true_false",
            "instructions": "",
            "required": 0,
            "conditional_logic": [
                [
                    {
                        "field": "field_5c5fa3e45e4c5",
                        "operator": "==",
                        "value": "5"
                    }
                ]
            ],
            "wrapper": {
                "width": "",
                "class": "",
                "id": ""
            },
            "message": "",
            "default_value": 1,
            "ui": 1,
            "ui_on_text": "",
            "ui_off_text": ""
        },
        {
            "key": "field_5c5fa3e45e511",
            "label": "Background Grained On\/Off",
            "name": "background_grained",
            "type": "true_false",
            "instructions": "",
            "required": 0,
            "conditional_logic": 0,
            "wrapper": {
                "width": "",
                "class": "",
                "id": ""
            },
            "message": "",
            "default_value": 0,
            "ui": 1,
            "ui_on_text": "",
            "ui_off_text": ""
        },
        {
            "key": "field_5c5fa3e45e97e",
            "label": "Mask Type",
            "name": "background_mask_type",
            "type": "radio",
            "instructions": "",
            "required": 0,
            "conditional_logic": [
                [
                    {
                        "field": "field_5c5fa3e45e4c5",
                        "operator": "==",
                        "value": "5"
                    }
                ],
                [
                    {
                        "field": "field_5c5fa3e45e4c5",
                        "operator": "==",
                        "value": "2"
                    }
                ],
                [
                    {
                        "field": "field_5c5fa3e45e4c5",
                        "operator": "==",
                        "value": "1"
                    }
                ]
            ],
            "wrapper": {
                "width": "",
                "class": "",
                "id": ""
            },
            "choices": [
                "None",
                "Color",
                "Gradient"
            ],
            "allow_null": 0,
            "other_choice": 0,
            "save_other_choice": 0,
            "default_value": "",
            "layout": "vertical",
            "return_format": "value"
        },
        {
            "key": "field_5c5fa3e45e9f0",
            "label": "Mask Color",
            "name": "background_mask_color",
            "type": "color_picker",
            "instructions": "",
            "required": 0,
            "conditional_logic": [
                [
                    {
                        "field": "field_5c5fa3e45e97e",
                        "operator": "==",
                        "value": "1"
                    }
                ]
            ],
            "wrapper": {
                "width": "",
                "class": "",
                "id": ""
            },
            "default_value": ""
        },
        {
            "key": "field_5c5fa3e45ea61",
            "label": "Mask Gradient Color 1",
            "name": "background_mask_color1",
            "type": "color_picker",
            "instructions": "",
            "required": 0,
            "conditional_logic": [
                [
                    {
                        "field": "field_5c5fa3e45e97e",
                        "operator": "==",
                        "value": "2"
                    }
                ]
            ],
            "wrapper": {
                "width": "",
                "class": "",
                "id": ""
            },
            "default_value": ""
        },
        {
            "key": "field_5c5fa3e45ead2",
            "label": "Mask Gradient Color 2",
            "name": "background_mask_color2",
            "type": "color_picker",
            "instructions": "",
            "required": 0,
            "conditional_logic": [
                [
                    {
                        "field": "field_5c5fa3e45e97e",
                        "operator": "==",
                        "value": "2"
                    }
                ]
            ],
            "wrapper": {
                "width": "",
                "class": "",
                "id": ""
            },
            "default_value": ""
        },
        {
            "key": "field_5c5fa3e45eb43",
            "label": "Mask Opacity",
            "name": "background_mask_opacity",
            "type": "number",
            "instructions": "",
            "required": 0,
            "conditional_logic": [
                [
                    {
                        "field": "field_5c5fa3e45e97e",
                        "operator": "==",
                        "value": "1"
                    }
                ],
                [
                    {
                        "field": "field_5c5fa3e45e97e",
                        "operator": "==",
                        "value": "2"
                    }
                ]
            ],
            "wrapper": {
                "width": "",
                "class": "",
                "id": ""
            },
            "default_value": "0.7",
            "placeholder": "",
            "prepend": "",
            "append": "",
            "min": 0,
            "max": 1,
            "step": "0.05"
        }
    ],
    "location": [
        [
            {
                "param": "post_type",
                "operator": "==",
                "value": "post"
            }
        ],
        [
            {
                "param": "post_type",
                "operator": "==",
                "value": "page"
            },
            {
                "param": "page_template",
                "operator": "==",
                "value": "default"
            }
        ],
        [
            {
                "param": "post_type",
                "operator": "==",
                "value": "portfolio"
            }
        ]
    ],
    "menu_order": 0,
    "position": "normal",
    "style": "default",
    "label_placement": "top",
    "instruction_placement": "label",
    "hide_on_screen": "",
    "active": 1,
    "description": "",
    "modified": 1579713037
}